Zenix-76,Honda,13,2MUV7QTI
Zenix-42,Honda,9,GZ7PNBEP
Zenix-37,Honda,7,PJVWDZ
Zenix-44,Honda,7,8BGB7PF
Zenix-58,Honda,13,V7ZMQ81
Zenix-9,Honda,6,TC0GRI
Zenix-80,Honda,6,D07CJM6
Zenix-28,Honda,2,RAPRC57
Zenix-17,Honda,1,1PUUM7S
Zenix-60,Honda,5,MV643PD
Zenix-14,Honda,18,AE2HCTTP
Zenix-46,Honda,19,YL51SYTC
Zenix-47,Honda,18,9ONNOYHV
Zenix-56,Honda,14,OYP55E
Zenix-10,Honda,4,97OQJ2Q
Zenix-52,Honda,4,JFOHXAS
Zenix-63,Honda,4,1TB6LZZ
Zenix-48,Honda,8,7BTHVR
CR-V,Honda,18,WC8615IL
Zenix-11,Honda,14,PGNXWPHT
Fit,Honda,14,7DSM77
Zenix-33,Honda,15,DA9DNBKL
Zenix-12,Honda,17,C7DA2JO
Pilot,Honda,7,LRW6ZZJV
Zenix-30,Honda,17,6GOYLU0
Zenix-22,Honda,15,0ZRA0Y
Insight,Honda,18,YLV83D7M
Zenix-64,Honda,20,0N2O029
Legend,Honda,10,EMY2B0T0
Zenix-31,Honda,14,FWNBJPVD
Accord,Honda,3,L242E72
Zenix-75,Honda,6,JO7XIR8X
Zenix-29,Honda,2,8WVAN6
Zenix-39,Honda,9,PG6OTNF
Zenix-40,Honda,14,0CDTJU
CR-Z,Honda,12,P2Z3NEPU
Zenix-74,Honda,8,VVM36X
Zenix-8,Honda,12,70O3LKC
Zenix-35,Honda,14,GX629QW
Clarity,Honda,11,TXWOT39
Zenix-70,Honda,17,C4T4JD
Ridgeline,Honda,9,N97AIGJ
Zenix-68,Honda,6,MVLADD9
Zenix-1,Honda,3,CG4052S
Integra,Honda,9,FYBSHTP8
Zenix-25,Honda,4,41CZ2OV1
Zenix-26,Honda,16,ECGRRZ
Passport,Honda,2,HKSWM8
Zenix-79,Honda,12,5M2D0A
Zenix-59,Honda,17,AODE9Y
Zenix-41,Honda,12,6MO47V8
Element,Honda,18,V8WFCXM3
Zenix-4,Honda,14,FF7Y5XN
Zenix-55,Honda,5,WOUJNB
HR-V,Honda,18,90TEY0E
Zenix-20,Honda,18,8VJM65D
Zenix-65,Honda,1,Y9LMDK
Prelude,Honda,5,SBZA38K
Zenix-61,Honda,10,Y3FJVQ
Jazz,Honda,8,XQVORH
Zenix-18,Honda,13,PEEDL291
Zenix-54,Honda,6,BN5I72G
Zenix-43,Honda,13,4OQ4YLRT
Zenix-7,Honda,16,2XIQAFKQ
Zenix-67,Honda,1,OZN5A2
Zenix-15,Honda,1,L3RUFZF
Zenix-3,Honda,13,3J7NC2PO
Zenix-23,Honda,15,XWL5915E
Zenix-24,Honda,1,3GOBK6S
Zenix-21,Honda,1,P55UCXI
Zenix-49,Honda,10,KGKSW44S
Zenix-71,Honda,1,IMDASAG9
Zenix-53,Honda,6,QK973L
Zenix-5,Honda,19,KDOTRU
Zenix-38,Honda,6,2XPB92
Zenix-72,Honda,6,OHPXPJ
Odyssey,Honda,15,SFAMXFOD
Stream,Honda,14,ED7KGJ
Zenix-66,Honda,14,5H0DI8MU
Zenix-69,Honda,12,KLZI95
Civic,Honda,7,IS0TAF
City,Honda,16,AXCYB2OA
S2000,Honda,10,5LCXHAAW
Zenix-51,Honda,13,7BYZHQMM
Zenix-19,Honda,2,5EFWAJ7
Zenix-16,Honda,17,IYDH676
Zenix-27,Honda,1,TENJJX3S
Zenix-73,Honda,1,NOJ2VYL4
Zenix-57,Honda,13,K5XP0E
Zenix-62,Honda,5,PQVG8Q
Zenix-77,Honda,4,CIT791IA
Zenix-32,Honda,10,W5HD1KOO
Zenix-34,Honda,7,7MILOFD
Zenix-6,Honda,12,EMM0WEK
Zenix-13,Honda,9,CG9MGOQK
Zenix-50,Honda,20,Y8EEE2
Zenix-36,Honda,4,9XPBABH
Zenix-2,Honda,20,UZ5KMN9
Civic,Honda,3,ABC-1234
Corolla,Toyota,5,XYZ-5678
Model S,Tesla,2,TES-9012
Adventure,Mitsubishi,12,WND362
Revo,Toyota,3,NYC256
Mustang,Ford,7,FOR-3456
A4,Audi,4,AUD-7890
Civic,Honda,3,ABC-452
Corolla,Toyota,5,XYZ-5658
Model S,Tesla,2,TES-9112
A4,Audi,4,AUD-7891
